Route,Location,URL,"Avg Stars","Your Stars","Route Type",Rating,Pitches,Length,"Area Latitude","Area Longitude"
"Tribal Boundaries","Flaming Rock > City of Rocks > South Idaho > Idaho",https://www.mountainproject.com/route/105741602/tribal-boundaries,3.7,-1,"Sport, TR",5.10a/b,1,60,42.07673,-113.7137
"Bloody Fingers","Super Hits - Bloody Fingers > Breadloaves > City of Rocks > South Idaho > Idaho",https://www.mountainproject.com/route/105741026/bloody-fingers,3.7,-1,Trad,5.10a,1,100,42.08728,-113.72925
"Wheat Thin","Elephant Rock - East > Elephant Rock > City of Rocks > South Idaho > Idaho",https://www.mountainproject.com/route/105740996/wheat-thin,3.6,-1,Trad,5.7,1,120,42.06739,-113.70894
Skyline,"Morning Glory Spire > City of Rocks > South Idaho > Idaho",https://www.mountainproject.com/route/105740963/skyline,3.7,-1,Trad,5.8,1,100,42.08282,-113.72147
"Lost Arrow","Lost Arrow Spire > City of Rocks > South Idaho > Idaho",https://www.mountainproject.com/route/105740972/lost-arrow,3.6,-1,Trad,"5.7 R",2,170,42.08568,-113.71267
"Rye Crisp","Elephant Rock - East > Elephant Rock > City of Rocks > South Idaho > Idaho",https://www.mountainproject.com/route/105740981/rye-crisp,3.6,-1,Trad,5.8,1,120,42.06739,-113.70894
"Thin Slice","Parking Lot Rock - Northeast > Parking Lot Rock > City of Rocks > South Idaho > Idaho",https://www.mountainproject.com/route/105741581/thin-slice,3.6,-1,Trad,5.10a,1,100,42.08386,-113.72246
Batwings,"Parking Lot Rock - West > Parking Lot Rock > City of Rocks > South Idaho > Idaho",https://www.mountainproject.com/route/105740951/batwings,3.5,-1,Trad,5.8+,1,180,42.08342,-113.72294
"Animal Cracker","Animal Cracker Rock > City of Rocks > South Idaho > Idaho",https://www.mountainproject.com/route/105741521/animal-cracker,3.5,-1,Trad,5.10a,2,200,42.08716,-113.72271
"Too Much Fun","Bumblie Rock > City of Rocks > South Idaho > Idaho",https://www.mountainproject.com/route/105742073/too-much-fun,3.5,-1,Sport,5.8,1,150,42.07848,-113.7135
"Double Cracks","King on the Throne - West > King on the Throne > City of Rocks > South Idaho > Idaho",https://www.mountainproject.com/route/105838058/double-cracks,3.4,-1,Trad,5.10b,1,70,42.08476,-113.72663
"Theater of Shadows","Steinfell's Dome > City of Rocks > South Idaho > Idaho",https://www.mountainproject.com/route/105741557/theater-of-shadows,3.1,-1,Sport,5.6,4,500,42.09646,-113.68672
"I Can't Believe It","Slabbage Patch > City of Rocks > South Idaho > Idaho",https://www.mountainproject.com/route/105864016/i-cant-believe-it,3.4,-1,Sport,5.10a,1,75,42.07858,-113.71532
"Columbian Crack","Elephant Rock - East > Elephant Rock > City of Rocks > South Idaho > Idaho",https://www.mountainproject.com/route/105741563/columbian-crack,3.1,-1,Trad,5.7,1,150,42.06739,-113.70894
"Scream Cheese","Anteater - West > Anteater Rock > City of Rocks > South Idaho > Idaho",https://www.mountainproject.com/route/105741593/scream-cheese,3.1,-1,Sport,5.9,1,70,42.08229,-113.7218
"Private Idaho","Bath Rock - West > Bath Rock > City of Rocks > South Idaho > Idaho",https://www.mountainproject.com/route/105740984/private-idaho,3.1,-1,Trad,5.9,1,90,42.07578,-113.7227
"Mystery Achievement","Super Hits - Bloody Fingers > Breadloaves > City of Rocks > South Idaho > Idaho",https://www.mountainproject.com/route/107682572/mystery-achievement,3.1,-1,Sport,5.7,1,110,42.08728,-113.72925
"Strawberry Fields","Elephant Rock - North > Elephant Rock > City of Rocks > South Idaho > Idaho",https://www.mountainproject.com/route/115409340/strawberry-fields,3.1,-1,Sport,5.9,1,90,42.06716,-113.7094
"Adolescent Homosapien","Decadent Wall > Breadloaves > City of Rocks > South Idaho > Idaho",https://www.mountainproject.com/route/105741617/adolescent-homosapien,3.0,-1,Trad,5.7,1,110,42.08612,-113.72944
"Funky Bolt","Parking Lot Rock - East > Parking Lot Rock > City of Rocks > South Idaho > Idaho",https://www.mountainproject.com/route/105740957/funky-bolt,3.0,-1,Trad,"5.9 R",1,160,42.08342,-113.72222
"Short Circuit","Transformer Corridor > City of Rocks > South Idaho > Idaho",https://www.mountainproject.com/route/105862525/short-circuit,3.1,-1,"Trad, Sport",5.10a,1,75,42.078,-113.71315
Cowboy,"Bath Rock - East > Bath Rock > City of Rocks > South Idaho > Idaho",https://www.mountainproject.com/route/105788842/cowboy,3.0,-1,Trad,5.5,1,200,42.07583,-113.72191
"Carol's Crack","Decadent Wall > Breadloaves > City of Rocks > South Idaho > Idaho",https://www.mountainproject.com/route/105741512/carols-crack,3.0,-1,Trad,5.8,1,100,42.08612,-113.72944
"Intruding Dike","Bloody Fingers Corridor > Breadloaves > City of Rocks > South Idaho > Idaho",https://www.mountainproject.com/route/105741011/intruding-dike,2.9,-1,Trad,5.7,1,110,42.08751,-113.7293
"Fall Line","Morning Glory Spire > City of Rocks > South Idaho > Idaho",https://www.mountainproject.com/route/105741035/fall-line,3.0,-1,Sport,5.10b,1,90,42.08282,-113.72147
Lego,"Building Blocks - West > Building Blocks > City of Rocks > South Idaho > Idaho",https://www.mountainproject.com/route/105980641/lego,3.0,-1,Sport,"5.10a PG13",1,95,42.08494,-113.69766
"Cruel Shoes","Stripe Rock > City of Rocks > South Idaho > Idaho",https://www.mountainproject.com/route/105742130/cruel-shoes,2.9,-1,Sport,5.7,3,,42.08973,-113.70937
Sinocranium,"Steinfell's Dome > City of Rocks > South Idaho > Idaho",https://www.mountainproject.com/route/105740942/sinocranium,2.8,-1,Sport,5.8,6,650,42.09646,-113.68672
"Return of the Bumblie","Bumblie Rock > City of Rocks > South Idaho > Idaho",https://www.mountainproject.com/route/112025172/return-of-the-bumblie,2.9,-1,Sport,5.10a/b,1,80,42.07848,-113.7135
"Twist and Crawl","Super Hits - Bloody Fingers > Breadloaves > City of Rocks > South Idaho > Idaho",https://www.mountainproject.com/route/105741101/twist-and-crawl,2.9,-1,Trad,"5.8 R",1,110,42.08728,-113.72925
"Delay of Game","Parking Lot Rock - West > Parking Lot Rock > City of Rocks > South Idaho > Idaho",https://www.mountainproject.com/route/105740945/delay-of-game,2.8,-1,Sport,5.8,1,160,42.08342,-113.72294
"Conceptual Reality","Gallstone, The > City of Rocks > South Idaho > Idaho",https://www.mountainproject.com/route/105847435/conceptual-reality,2.8,-1,Trad,5.9-,1,85,42.06578,-113.70841
"Lost Pioneers","Upper Breadloaves - East > Breadloaves > City of Rocks > South Idaho > Idaho",https://www.mountainproject.com/route/105962059/lost-pioneers,2.8,-1,Trad,"5.10a PG13",1,100,42.08784,-113.72878
Solstice,"Parking Lot Rock - West > Parking Lot Rock > City of Rocks > South Idaho > Idaho",https://www.mountainproject.com/route/110650353/solstice,2.8,-1,Sport,5.10a,1,95,42.08342,-113.72294
"New York Is Not The City","Bumblie Rock > City of Rocks > South Idaho > Idaho",https://www.mountainproject.com/route/105742067/new-york-is-not-the-city,2.8,-1,Sport,5.10a,1,80,42.07848,-113.7135
"Fred Rassmussen","Upper Breadloaves - East > Breadloaves > City of Rocks > South Idaho > Idaho",https://www.mountainproject.com/route/105820338/fred-rassmussen,2.8,-1,Trad,5.8,1,70,42.08784,-113.72878
"White Flake","Lower Breadloaves - Provo Wall > Breadloaves > City of Rocks > South Idaho > Idaho",https://www.mountainproject.com/route/106551027/white-flake,2.8,-1,Trad,5.8,1,90,42.08624,-113.72903
"Deez Guys","Slabbage Patch > City of Rocks > South Idaho > Idaho",https://www.mountainproject.com/route/105864025/deez-guys,2.8,-1,Sport,5.10a,1,80,42.07858,-113.71532
Rollercoaster,"Bath Rock - West > Bath Rock > City of Rocks > South Idaho > Idaho",https://www.mountainproject.com/route/105741848/rollercoaster,2.7,-1,"Sport, TR",5.8,1,80,42.07578,-113.7227
"Tow Away Zone","Parking Lot Rock - East > Parking Lot Rock > City of Rocks > South Idaho > Idaho",https://www.mountainproject.com/route/105741062/tow-away-zone,2.7,-1,Trad,5.10a/b,1,80,42.08342,-113.72222
"Swiss Cheese","Anteater - West > Anteater Rock > City of Rocks > South Idaho > Idaho",https://www.mountainproject.com/route/105741047/swiss-cheese,2.7,-1,Trad,"5.7 R",1,70,42.08229,-113.7218
"Expect No Mercy","Window Rock - East > Window Rock > City of Rocks > South Idaho > Idaho",https://www.mountainproject.com/route/105741605/expect-no-mercy,2.7,-1,Trad,5.10b,1,50,42.08603,-113.72268
"Norma's Book","Parking Lot Rock - West > Parking Lot Rock > City of Rocks > South Idaho > Idaho",https://www.mountainproject.com/route/105740948/normas-book,2.7,-1,Trad,5.6,1,180,42.08342,-113.72294
"Snakes and Ladders","King on the Throne - East > King on the Throne > City of Rocks > South Idaho > Idaho",https://www.mountainproject.com/route/105828990/snakes-and-ladders,2.7,-1,Trad,5.9-,1,50,42.08476,-113.72663
"Coffee and Cornflakes","Bath Rock - West > Bath Rock > City of Rocks > South Idaho > Idaho",https://www.mountainproject.com/route/105741869/coffee-and-cornflakes,2.6,-1,Sport,5.10a,1,80,42.07578,-113.7227
Z-Crack,"King on the Throne - East > King on the Throne > City of Rocks > South Idaho > Idaho",https://www.mountainproject.com/route/105741518/z-crack,2.6,-1,Trad,5.9+,1,50,42.08476,-113.72663
"Pure Pleasure","Window Rock - East > Window Rock > City of Rocks > South Idaho > Idaho",https://www.mountainproject.com/route/105741599/pure-pleasure,2.5,-1,Trad,5.6,1,70,42.08603,-113.72268
"The Pygmies Got Stoned","Elephant Rock - East > Elephant Rock > City of Rocks > South Idaho > Idaho",https://www.mountainproject.com/route/105741854/the-pygmies-got-stoned,2.6,-1,Sport,5.10a,1,90,42.06739,-113.70894
"Mystery Bolter","Transformer Corridor > City of Rocks > South Idaho > Idaho",https://www.mountainproject.com/route/105742115/mystery-bolter,2.6,-1,Sport,5.9+,1,150,42.078,-113.71315
Raindance,"Flaming Rock > City of Rocks > South Idaho > Idaho",https://www.mountainproject.com/route/105741569/raindance,2.5,-1,Sport,5.7,2,,42.07673,-113.7137
"Just Say No","Elephant Rock - East > Elephant Rock > City of Rocks > South Idaho > Idaho",https://www.mountainproject.com/route/105740978/just-say-no,2.5,-1,Sport,"5.9 PG13",1,100,42.06739,-113.70894
"New Toy","Super Hits - Bloody Fingers > Breadloaves > City of Rocks > South Idaho > Idaho",https://www.mountainproject.com/route/105741098/new-toy,2.5,-1,Sport,"5.10a X",1,90,42.08728,-113.72925
"Love Handles","Upper Breadloaves - West > Breadloaves > City of Rocks > South Idaho > Idaho",https://www.mountainproject.com/route/107179875/love-handles,2.5,-1,Sport,5.8,1,95,42.08797,-113.72939
"Built for Comfort","Upper Breadloaves - West > Breadloaves > City of Rocks > South Idaho > Idaho",https://www.mountainproject.com/route/107179849/built-for-comfort,2.5,-1,Sport,5.9,1,80,42.08797,-113.72939
"The Good Stuff","Tahitian Rocks > City of Rocks > South Idaho > Idaho",https://www.mountainproject.com/route/106250864/the-good-stuff,3.0,-1,Sport,5.10a,1,70,42.09151,-113.70618
"Eagle Crack","Eagle Rock > City of Rocks > South Idaho > Idaho",https://www.mountainproject.com/route/106548476/eagle-crack,3.6,-1,Trad,5.10a,1,110,42.04009,-113.71336
Catwalk,"Upper Breadloaves - East > Breadloaves > City of Rocks > South Idaho > Idaho",https://www.mountainproject.com/route/105795544/catwalk,2.9,-1,Trad,"5.8 PG13",1,160,42.08784,-113.72878
"Just Say Go","Elephant Rock - North > Elephant Rock > City of Rocks > South Idaho > Idaho",https://www.mountainproject.com/route/105918420/just-say-go,2.4,-1,"Trad, Sport",5.10a,1,90,42.06716,-113.7094
"Bikini Candy","Tahitian Rocks > City of Rocks > South Idaho > Idaho",https://www.mountainproject.com/route/105741008/bikini-candy,2.7,-1,Sport,5.8,1,90,42.09151,-113.70618
"Finer Niner","Lower Breadloaves - Provo Wall > Breadloaves > City of Rocks > South Idaho > Idaho",https://www.mountainproject.com/route/106254301/finer-niner,2.3,-1,Sport,5.9,1,80,42.08624,-113.72903
"Good Times","Window Rock - East > Window Rock > City of Rocks > South Idaho > Idaho",https://www.mountainproject.com/route/105741596/good-times,2.4,-1,Trad,5.6,1,95,42.08603,-113.72268
"Muffin Top","Upper Breadloaves - West > Breadloaves > City of Rocks > South Idaho > Idaho",https://www.mountainproject.com/route/107179863/muffin-top,2.4,-1,Sport,5.8,1,70,42.08797,-113.72939
[Redacted],"Decadent Wall > Breadloaves > City of Rocks > South Idaho > Idaho",https://www.mountainproject.com/route/105847449/redacted,2.3,-1,Sport,"5.10a PG13",1,50,42.08612,-113.72944
"Drunken Cowboy","Window Rock - East > Window Rock > City of Rocks > South Idaho > Idaho",https://www.mountainproject.com/route/105741560/drunken-cowboy,2.3,-1,Trad,5.7,1,70,42.08603,-113.72268
"Hough's Crack","Bloody Fingers Corridor > Breadloaves > City of Rocks > South Idaho > Idaho",https://www.mountainproject.com/route/105741002/houghs-crack,2.2,-1,Trad,5.7,1,80,42.08751,-113.7293
"Triple Roofs","Lower Breadloaves - Provo Wall > Breadloaves > City of Rocks > South Idaho > Idaho",https://www.mountainproject.com/route/106088797/triple-roofs,2.6,-1,Trad,5.8,1,100,42.08624,-113.72903
"Tide Country","Upper Broadloaves - North > Breadloaves > City of Rocks > South Idaho > Idaho",https://www.mountainproject.com/route/105956715/tide-country,3.0,-1,Trad,5.10a,1,100,42.08838,-113.7291
"Hesitation Blues","Rabbit Rock - Northeast > Rabbit Rock > City of Rocks > South Idaho > Idaho",https://www.mountainproject.com/route/105968954/hesitation-blues,2.8,-1,Trad,5.6,1,125,42.08358,-113.72075
Cowgirl,"Bath Rock - East > Bath Rock > City of Rocks > South Idaho > Idaho",https://www.mountainproject.com/route/108207784/cowgirl,3.0,-1,Trad,5.5,1,200,42.07583,-113.72191
"Skin the Cat","Site 18 > City of Rocks > South Idaho > Idaho",https://www.mountainproject.com/route/105867039/skin-the-cat,2.4,-1,Sport,5.7,1,60,42.0927,-113.70359
"Groovy Crack","King on the Throne - West > King on the Throne > City of Rocks > South Idaho > Idaho",https://www.mountainproject.com/route/105955616/groovy-crack,2.5,-1,Trad,5.10b,1,50,42.08476,-113.72663
"Stretch Marks","Upper Breadloaves - West > Breadloaves > City of Rocks > South Idaho > Idaho",https://www.mountainproject.com/route/106183768/stretch-marks,2.8,-1,Trad,5.9,1,70,42.08797,-113.72939
Twilight,"Decadent Wall > Breadloaves > City of Rocks > South Idaho > Idaho",https://www.mountainproject.com/route/105854664/twilight,2.1,-1,Trad,5.6,1,70,42.08612,-113.72944
Reservations,"Flaming Rock > City of Rocks > South Idaho > Idaho",https://www.mountainproject.com/route/105799344/reservations,2.6,-1,Trad,"5.10a/b PG13",1,80,42.07673,-113.7137
"Easy Corner","Lower Breadloaves - Provo Wall > Breadloaves > City of Rocks > South Idaho > Idaho",https://www.mountainproject.com/route/105741530/easy-corner,2.6,-1,Trad,5.6,1,130,42.08624,-113.72903
"Beauty and the Beast","Parking Lot Rock - East > Parking Lot Rock > City of Rocks > South Idaho > Idaho",https://www.mountainproject.com/route/105741578/beauty-and-the-beast,2.7,-1,Trad,5.10a,1,90,42.08342,-113.72222
"First Lead","Practice Rock > City of Rocks > South Idaho > Idaho",https://www.mountainproject.com/route/105741572/first-lead,1.9,-1,Trad,5.6,1,30,42.07125,-113.70772
"Crunk Cowgirl","Window Rock - East > Window Rock > City of Rocks > South Idaho > Idaho",https://www.mountainproject.com/route/110328914/crunk-cowgirl,2.1,-1,Trad,5.7,1,80,42.08603,-113.72268
"Acid Rain","Building Blocks - West > Building Blocks > City of Rocks > South Idaho > Idaho",https://www.mountainproject.com/route/105980650/acid-rain,2.7,-1,"Trad, Sport","5.10a R",1,90,42.08494,-113.69766
Looker,"Site 18 > City of Rocks > South Idaho > Idaho",https://www.mountainproject.com/route/105867036/looker,2.3,-1,Sport,5.8,1,60,42.0927,-113.70359
"Tail Feather","Flaming Rock > City of Rocks > South Idaho > Idaho",https://www.mountainproject.com/route/112144883/tail-feather,2.3,-1,Sport,5.10a,1,100,42.07673,-113.7137
"Tree Start","Bath Rock - East > Bath Rock > City of Rocks > South Idaho > Idaho",https://www.mountainproject.com/route/106920506/tree-start,2.0,-1,Trad,5.5,2,200,42.07583,-113.72191
Velveeta,"Anteater - West > Anteater Rock > City of Rocks > South Idaho > Idaho",https://www.mountainproject.com/route/105918435/velveeta,2.6,-1,TR,5.8,1,90,42.08229,-113.7218
Bomber,"Site 18 > City of Rocks > South Idaho > Idaho",https://www.mountainproject.com/route/105867043/bomber,2.4,-1,Sport,5.9,1,70,42.0927,-113.70359
"Another Greg Lowe Route (aka Preteen Sex)","Decadent Wall > Breadloaves > City of Rocks > South Idaho > Idaho",https://www.mountainproject.com/route/105740999/another-greg-lowe-route-aka-preteen-sex,2.3,-1,Trad,5.8,1,120,42.08612,-113.72944
"Tennish Anyone?","Lower Breadloaves - Provo Wall > Breadloaves > City of Rocks > South Idaho > Idaho",https://www.mountainproject.com/route/105849995/tennish-anyone,2.5,-1,"Trad, Sport",5.10a,1,95,42.08624,-113.72903
"Corridor Crack","The Boxtop > City of Rocks > South Idaho > Idaho",https://www.mountainproject.com/route/106482744/corridor-crack,3.0,-1,Trad,5.8,1,45,42.0809,-113.70743
Chimney,"Morning Glory Spire > City of Rocks > South Idaho > Idaho",https://www.mountainproject.com/route/105845886/chimney,2.7,-1,Trad,5.8,1,110,42.08282,-113.72147
"New School","Elephant Rock - North > Elephant Rock > City of Rocks > South Idaho > Idaho",https://www.mountainproject.com/route/115458794/new-school,2.8,-1,Sport,5.10a,1,80,42.06716,-113.7094
Sabbatical,"Lower Breadloaves - Provo Wall > Breadloaves > City of Rocks > South Idaho > Idaho",https://www.mountainproject.com/route/105955459/sabbatical,2.6,-1,"Trad, Sport",5.10a,1,100,42.08624,-113.72903
"Double Vision","Super Hits - Bloody Fingers > Breadloaves > City of Rocks > South Idaho > Idaho",https://www.mountainproject.com/route/105741095/double-vision,2.7,-1,"Trad, Sport","5.10a R",1,80,42.08728,-113.72925
"Boxtop Traverse","The Boxtop > City of Rocks > South Idaho > Idaho",https://www.mountainproject.com/route/106482766/boxtop-traverse,3.2,-1,Trad,"5.9 PG13",3,150,42.0809,-113.70743
Roadkill,"Rabbit Rock - Northeast > Rabbit Rock > City of Rocks > South Idaho > Idaho",https://www.mountainproject.com/route/106791268/roadkill,3.1,-1,"Trad, Sport",5.10b,1,120,42.08358,-113.72075
"Wind Dance","Upper Breadloaves - East > Breadloaves > City of Rocks > South Idaho > Idaho",https://www.mountainproject.com/route/115450967/wind-dance,2.7,-1,Sport,5.7,1,100,42.08784,-113.72878
"Hired Gun","The Drilling Fields > Drilling Fields > City of Rocks > South Idaho > Idaho",https://www.mountainproject.com/route/107183590/hired-gun,2.0,-1,Sport,5.10a,1,90,42.08183,-113.71814
Sinsemilla,"Elephant Rock - East > Elephant Rock > City of Rocks > South Idaho > Idaho",https://www.mountainproject.com/route/105741857/sinsemilla,2.7,-1,Trad,"5.8 X",1,100,42.06739,-113.70894
"Divine Decadence","Decadent Wall > Breadloaves > City of Rocks > South Idaho > Idaho",https://www.mountainproject.com/route/108139139/divine-decadence,2.5,-1,Trad,5.8+,1,110,42.08612,-113.72944
"Humble's Tumble","Lower Breadloaves - Provo Wall > Breadloaves > City of Rocks > South Idaho > Idaho",https://www.mountainproject.com/route/105967547/humbles-tumble,2.9,-1,Trad,"5.9- PG13",1,100,42.08624,-113.72903
"I've Got Gall","Gallstone, The > City of Rocks > South Idaho > Idaho",https://www.mountainproject.com/route/107164872/ive-got-gall,1.9,-1,Sport,5.8,1,80,42.06578,-113.70841
"White Lightning","White Lightning > City of Rocks > South Idaho > Idaho",https://www.mountainproject.com/route/106782976/white-lightning,3.5,-1,Trad,5.10-,1,70,42.04566,-113.72183
"Flake Route","Indian Chief Rock > City of Rocks > South Idaho > Idaho",https://www.mountainproject.com/route/106856481/flake-route,2.5,-1,Trad,5.5,1,100,42.04135,-113.71739
"Yellow Wall","Yellow Wall > City of Rocks > South Idaho > Idaho",https://www.mountainproject.com/route/108269212/yellow-wall,3.5,-1,Trad,5.9,1,105,42.0486,-113.7265
"Aspen Leaf","Upper Breadloaves - West > Breadloaves > City of Rocks > South Idaho > Idaho",https://www.mountainproject.com/route/106183772/aspen-leaf,2.9,-1,Trad,5.10a,2,200,42.08797,-113.72939
"Juniper Jam","Window Rock - East > Window Rock > City of Rocks > South Idaho > Idaho",https://www.mountainproject.com/route/105741608/juniper-jam,2.2,-1,Trad,5.6,1,70,42.08603,-113.72268
"Miki's Six","Bumblie Rock > City of Rocks > South Idaho > Idaho",https://www.mountainproject.com/route/106601268/mikis-six,2.1,-1,Trad,5.5,1,75,42.07848,-113.7135
"Bora Bora","Tahitian Rocks > City of Rocks > South Idaho > Idaho",https://www.mountainproject.com/route/105741005/bora-bora,2.3,-1,Sport,5.9,1,100,42.09151,-113.70618
"Snack Break Direct","Owl Rock - West > Owl Rock > City of Rocks > South Idaho > Idaho",https://www.mountainproject.com/route/105795507/snack-break-direct,2.1,-1,Sport,5.8,1,80,42.0856,-113.72833
"Land of the Lost","The Boxtop > City of Rocks > South Idaho > Idaho",https://www.mountainproject.com/route/105816764/land-of-the-lost,2.8,-1,"Trad, Sport",5.10a,1,80,42.0809,-113.70743
"The Ramp","Creekside > City of Rocks > South Idaho > Idaho",https://www.mountainproject.com/route/106242815/the-ramp,2.5,-1,Trad,5.8,1,140,42.08058,-113.72115
"No Pun Intended","Gallstone, The > City of Rocks > South Idaho > Idaho",https://www.mountainproject.com/route/107164879/no-pun-intended,1.8,-1,Sport,5.8,1,80,42.06578,-113.70841
"Lowe Route","Building Blocks - West > Building Blocks > City of Rocks > South Idaho > Idaho",https://www.mountainproject.com/route/111963532/lowe-route,3.0,-1,Trad,5.10-,1,100,42.08494,-113.69766
"Snack Break","Owl Rock - West > Owl Rock > City of Rocks > South Idaho > Idaho",https://www.mountainproject.com/route/106183790/snack-break,2.3,-1,"Trad, Sport",5.9+,1,80,42.0856,-113.72833
"Contra Friction","Drilling Fields - Lost World > Drilling Fields > City of Rocks > South Idaho > Idaho",https://www.mountainproject.com/route/106439258/contra-friction,2.2,-1,Sport,5.8,1,65,42.0823,-113.7177
Fiesta,"Fiesta Spire > City of Rocks > South Idaho > Idaho",https://www.mountainproject.com/route/119159453/fiesta,4.0,-1,Trad,5.10b,1,75,42.10369,-113.71709
"No Cash Refunds","Upper Breadloaves - East > Breadloaves > City of Rocks > South Idaho > Idaho",https://www.mountainproject.com/route/106916441/no-cash-refunds,2.2,-1,Trad,5.7,1,50,42.08784,-113.72878
"Dike of Gastonia","Stripe Rock > City of Rocks > South Idaho > Idaho",https://www.mountainproject.com/route/105839382/dike-of-gastonia,3.0,-1,Trad,"5.7 R",3,350,42.08973,-113.70937
"Continental Drift","Geowatt > City of Rocks > South Idaho > Idaho",https://www.mountainproject.com/route/115432864/continental-drift,3.1,-1,Sport,5.9,1,50,42.09275,-113.69771
DaBoyz,"Upper Breadloaves - East > Breadloaves > City of Rocks > South Idaho > Idaho",https://www.mountainproject.com/route/117262910/daboyz,2.6,-1,Sport,5.7,1,95,42.08784,-113.72878
"Tickled Pink","Fiesta Spire > City of Rocks > South Idaho > Idaho",https://www.mountainproject.com/route/119159472/tickled-pink,3.9,-1,Trad,5.10b,1,75,42.10369,-113.71709
"Flight of the Bumblie","Bumblie Rock > City of Rocks > South Idaho > Idaho",https://www.mountainproject.com/route/106548467/flight-of-the-bumblie,2.6,-1,Trad,5.10a,1,80,42.07848,-113.7135
"Double Trouble","Creekside > City of Rocks > South Idaho > Idaho",https://www.mountainproject.com/route/107300517/double-trouble,2.3,-1,Trad,5.8,1,120,42.08058,-113.72115
"Three Star Corner","Great Wall > City of Rocks > South Idaho > Idaho",https://www.mountainproject.com/route/106183629/three-star-corner,3.0,-1,Trad,5.9+,1,60,42.09522,-113.70837
"Lady J","Lady Jessica's Rock > City of Rocks > South Idaho > Idaho",https://www.mountainproject.com/route/108935030/lady-j,2.5,-1,Sport,5.8,1,75,42.0841,-113.71386
"Eastside Groove","Bath Rock - East > Bath Rock > City of Rocks > South Idaho > Idaho",https://www.mountainproject.com/route/108195409/eastside-groove,2.0,-1,Trad,5.6,1,200,42.07583,-113.72191
"Jug World","King on the Throne - East > King on the Throne > City of Rocks > South Idaho > Idaho",https://www.mountainproject.com/route/105741515/jug-world,1.9,-1,Trad,5.9,1,40,42.08476,-113.72663
"Greater Eighter","Lower Breadloaves - Provo Wall > Breadloaves > City of Rocks > South Idaho > Idaho",https://www.mountainproject.com/route/115458177/greater-eighter,2.7,-1,Sport,5.9,1,90,42.08624,-113.72903
"Failure to Launch","Window Rock - East > Window Rock > City of Rocks > South Idaho > Idaho",https://www.mountainproject.com/route/106191339/failure-to-launch,2.3,-1,Trad,5.9,1,85,42.08603,-113.72268
"Tourist Season","Drilling Fields - Lost World > Drilling Fields > City of Rocks > South Idaho > Idaho",https://www.mountainproject.com/route/113162835/tourist-season,2.1,-1,Sport,5.7,1,115,42.0823,-113.7177
"Truth is Stranger than Friction","Drilling Fields - Lost World > Drilling Fields > City of Rocks > South Idaho > Idaho",https://www.mountainproject.com/route/106187885/truth-is-stranger-than-friction,2.6,-1,Sport,"5.10b PG13",1,,42.0823,-113.7177
"Strawberry Jam","Elephant Rock - North > Elephant Rock > City of Rocks > South Idaho > Idaho",https://www.mountainproject.com/route/106015735/strawberry-jam,2.4,-1,Trad,5.10,1,150,42.06716,-113.7094
"Last of the Lost","Drilling Fields - Lost World > Drilling Fields > City of Rocks > South Idaho > Idaho",https://www.mountainproject.com/route/113733727/last-of-the-lost,2.4,-1,Sport,5.9,1,115,42.0823,-113.7177
"No Net","Anteater - East > Anteater Rock > City of Rocks > South Idaho > Idaho",https://www.mountainproject.com/route/106183610/no-net,2.4,-1,Trad,5.10a,1,40,42.08229,-113.7218
"Coyote Corner","Rabbit Rock -West > Rabbit Rock > City of Rocks > South Idaho > Idaho",https://www.mountainproject.com/route/105795525/coyote-corner,2.1,-1,Trad,5.8,1,110,42.08358,-113.72075
"End Game","Drilling Fields - Lost World > Drilling Fields > City of Rocks > South Idaho > Idaho",https://www.mountainproject.com/route/113280890/end-game,2.2,-1,Sport,5.8,1,110,42.0823,-113.7177
"Batwings Direct","Parking Lot Rock - West > Parking Lot Rock > City of Rocks > South Idaho > Idaho",https://www.mountainproject.com/route/105741089/batwings-direct,2.4,-1,Sport,5.10b,1,60,42.08342,-113.72294
"Tommy Knocker","Lady Jessica's Rock > City of Rocks > South Idaho > Idaho",https://www.mountainproject.com/route/105740966/tommy-knocker,2.3,-1,Sport,5.10a,1,60,42.0841,-113.71386
"Far Left","Practice Rock > City of Rocks > South Idaho > Idaho",https://www.mountainproject.com/route/108194885/far-left,1.7,-1,TR,5.7,1,35,42.07125,-113.70772
"Houser Arete","Checkered Demon > City of Rocks > South Idaho > Idaho",https://www.mountainproject.com/route/106015716/houser-arete,2.8,-1,"Trad, Boulder","5.10 V2",1,60,42.06539,-113.70937
Roratonga,"Tahitian Rocks > City of Rocks > South Idaho > Idaho",https://www.mountainproject.com/route/106804275/roratonga,2.7,-1,Sport,5.10b/c,1,100,42.09151,-113.70618
"The Lowe Route","North Twin Sister > Twin Sisters > City of Rocks > South Idaho > Idaho",https://www.mountainproject.com/route/109451742/the-lowe-route,3.5,-1,Trad,5.9+,1,150,42.04346,-113.72077
"There's Friction Afoot","Drilling Fields - Lost World > Drilling Fields > City of Rocks > South Idaho > Idaho",https://www.mountainproject.com/route/106439270/theres-friction-afoot,2.0,-1,Sport,5.10b,1,75,42.0823,-113.7177
"Stress Fracture","Parking Lot Rock - East > Parking Lot Rock > City of Rocks > South Idaho > Idaho",https://www.mountainproject.com/route/106254635/stress-fracture,2.6,-1,Trad,"5.10b PG13",1,120,42.08342,-113.72222
"Like Father, Like Son","Bad Seed - Eviction > City of Rocks > South Idaho > Idaho",https://www.mountainproject.com/route/107306710/like-father-like-son,2.4,-1,Sport,5.10a,1,25,42.0899,-113.6928
"City Slicker","Drilling Fields - Lost World > Drilling Fields > City of Rocks > South Idaho > Idaho",https://www.mountainproject.com/route/112182073/city-slicker,2.2,-1,Sport,5.10a,1,70,42.0823,-113.7177
"Old Route","Great Wall > City of Rocks > South Idaho > Idaho",https://www.mountainproject.com/route/108329234/old-route,3.3,-1,Sport,5.9,1,140,42.09522,-113.70837
"The Big Easy","Decadent Wall > Breadloaves > City of Rocks > South Idaho > Idaho",https://www.mountainproject.com/route/109124644/the-big-easy,3.0,-1,Trad,5.10a/b,1,100,42.08612,-113.72944
"Southern Arches","Steinfell's Dome > City of Rocks > South Idaho > Idaho",https://www.mountainproject.com/route/107170217/southern-arches,2.6,-1,Trad,5.8+,4,850,42.09646,-113.68672
FDC,"Decadent Wall > Breadloaves > City of Rocks > South Idaho > Idaho",https://www.mountainproject.com/route/106015652/fdc,2.3,-1,Trad,5.10a,1,100,42.08612,-113.72944
"Low Voltage Right","Geowatt > City of Rocks > South Idaho > Idaho",https://www.mountainproject.com/route/115432776/low-voltage-right,2.5,-1,Sport,5.7,1,80,42.09275,-113.69771
Fledgling,"Owl Rock - West > Owl Rock > City of Rocks > South Idaho > Idaho",https://www.mountainproject.com/route/106190598/fledgling,1.5,-1,Trad,5.7,1,60,42.0856,-113.72833
"Dancin' on Diamonds","Fiesta Spire > City of Rocks > South Idaho > Idaho",https://www.mountainproject.com/route/119159441/dancin-on-diamonds,3.0,-1,Trad,5.10a,1,75,42.10369,-113.71709
Topropes,"Practice Rock > City of Rocks > South Idaho > Idaho",https://www.mountainproject.com/route/105741575/topropes,1.8,-1,"Trad, TR",5.7,1,30,42.07125,-113.70772
"Time After Time","Drilling Fields - Lost World > Drilling Fields > City of Rocks > South Idaho > Idaho",https://www.mountainproject.com/route/113162894/time-after-time,1.7,-1,Sport,5.4,1,100,42.0823,-113.7177
"True Spirit","Drilling Fields - Lost World > Drilling Fields > City of Rocks > South Idaho > Idaho",https://www.mountainproject.com/route/113733719/true-spirit,2.2,-1,Sport,5.7,1,110,42.0823,-113.7177
Behold,"Parking Lot Rock - West > Parking Lot Rock > City of Rocks > South Idaho > Idaho",https://www.mountainproject.com/route/112224397/behold,2.2,-1,Trad,5.8,2,150,42.08342,-113.72294
"Road Rage","Parking Lot Rock - West > Parking Lot Rock > City of Rocks > South Idaho > Idaho",https://www.mountainproject.com/route/105957883/road-rage,2.1,-1,Trad,5.8,1,140,42.08342,-113.72294
"Easy Way Up","Bath Rock - East > Bath Rock > City of Rocks > South Idaho > Idaho",https://www.mountainproject.com/route/105740975/easy-way-up,1.5,-1,Trad,"5.4 R",2,200,42.07583,-113.72191
"Carolyn in the City","Geowatt > City of Rocks > South Idaho > Idaho",https://www.mountainproject.com/route/115432709/carolyn-in-the-city,2.8,-1,Trad,5.8,1,70,42.09275,-113.69771
"Dupree's Diamond Blues","Rabbit Rock - Northeast > Rabbit Rock > City of Rocks > South Idaho > Idaho",https://www.mountainproject.com/route/106791296/duprees-diamond-blues,2.1,-1,Trad,5.10a,1,35,42.08358,-113.72075
Bestiality,"Decadent Wall > Breadloaves > City of Rocks > South Idaho > Idaho",https://www.mountainproject.com/route/107274087/bestiality,2.1,-1,Trad,"5.9- R",1,140,42.08612,-113.72944
"2 Bolt Pump","Site 18 > City of Rocks > South Idaho > Idaho",https://www.mountainproject.com/route/108118648/2-bolt-pump,2.9,-1,Sport,5.10a,1,70,42.0927,-113.70359
"Face Shot","Checkered Demon > City of Rocks > South Idaho > Idaho",https://www.mountainproject.com/route/106015700/face-shot,2.6,-1,Trad,5.8,1,50,42.06539,-113.70937
"Chimney to the Sky","Drilling Fields - Lost World > Drilling Fields > City of Rocks > South Idaho > Idaho",https://www.mountainproject.com/route/117247089/chimney-to-the-sky,2.8,-1,Sport,5.9,1,110,42.0823,-113.7177
"Southeast Face","Steinfell's Dome > City of Rocks > South Idaho > Idaho",https://www.mountainproject.com/route/106902986/southeast-face,2.5,-1,Trad,5.8,4,,42.09646,-113.68672
"Holding Out For a Hero","Anteater - West > Anteater Rock > City of Rocks > South Idaho > Idaho",https://www.mountainproject.com/route/105980242/holding-out-for-a-hero,2.3,-1,Trad,"5.10a PG13",1,125,42.08229,-113.7218
"Chip Seal","Tahitian Rocks > City of Rocks > South Idaho > Idaho",https://www.mountainproject.com/route/106446270/chip-seal,2.4,-1,"Trad, Sport",5.10a,1,80,42.09151,-113.70618
"Pave Paradise","Parking Lot Rock - West > Parking Lot Rock > City of Rocks > South Idaho > Idaho",https://www.mountainproject.com/route/105957870/pave-paradise,2.4,-1,Trad,5.10-,1,140,42.08342,-113.72294
"Bath Time","Bath Rock - East > Bath Rock > City of Rocks > South Idaho > Idaho",https://www.mountainproject.com/route/121446119/bath-time,2.8,-1,Sport,5.6,2,220,42.07583,-113.72191
"Dire straights","Creekside > City of Rocks > South Idaho > Idaho",https://www.mountainproject.com/route/111052791/dire-straights,2.4,-1,Trad,5.9,1,70,42.08058,-113.72115
"Immortal Porpoises","Bath Rock - Southwest > Bath Rock > City of Rocks > South Idaho > Idaho",https://www.mountainproject.com/route/107591593/immortal-porpoises,2.5,-1,Trad,5.8,1,,42.07493,-113.72219
"Wide Cracks","Eagle Rock > City of Rocks > South Idaho > Idaho",https://www.mountainproject.com/route/119221571/wide-cracks,3.0,-1,Trad,5.9,1,110,42.04009,-113.71336
"North Face Left","Mushroom Rock > City of Rocks > South Idaho > Idaho",https://www.mountainproject.com/route/106754162/north-face-left,2.0,-1,Sport,5.8,1,60,42.08528,-113.7108
"Beginner Slab","Practice Rock > City of Rocks > South Idaho > Idaho",https://www.mountainproject.com/route/107272232/beginner-slab,1.5,-1,TR,5.2,1,50,42.07125,-113.70772
Wonderbread,"White Wall > City of Rocks > South Idaho > Idaho",https://www.mountainproject.com/route/105981084/wonderbread,2.2,-1,Sport,5.10a/b,1,60,42.09138,-113.70465
Andromeda,"Steinfell's Dome > City of Rocks > South Idaho > Idaho",https://www.mountainproject.com/route/116120939/andromeda,2.8,-1,Trad,"5.8 PG13",7,700,42.09646,-113.68672
"Reach for the Sky","Morning Glory Spire > City of Rocks > South Idaho > Idaho",https://www.mountainproject.com/route/105741851/reach-for-the-sky,2.3,-1,"Trad, Sport","5.10b R",1,60,42.08282,-113.72147
"Geowatt Left","Geowatt > City of Rocks > South Idaho > Idaho",https://www.mountainproject.com/route/120582865/geowatt-left,2.8,-1,Trad,5.10a/b,1,45,42.09275,-113.69771
"Simba's Pride","Lion's Head > City of Rocks > South Idaho > Idaho",https://www.mountainproject.com/route/107171607/simbas-pride,2.7,-1,Sport,5.10b,1,110,42.0917,-113.6982
Finite,"The Clamshell > City of Rocks > South Idaho > Idaho",https://www.mountainproject.com/route/117284452/finite,3.0,-1,Trad,"5.10 PG13",3,,42.0864,-113.71963
"Masochistic Opposite","The Mall > City of Rocks > South Idaho > Idaho",https://www.mountainproject.com/route/113360765/masochistic-opposite,2.8,-1,Trad,5.10a,1,40,42.08948,-113.72753
God-Stopper,"Shangri La > City of Rocks > South Idaho > Idaho",https://www.mountainproject.com/route/111991216/god-stopper,3.0,-1,Trad,5.10,1,80,42.0961,-113.7193
"Vulture Crack","Anteater - East > Anteater Rock > City of Rocks > South Idaho > Idaho",https://www.mountainproject.com/route/106868959/vulture-crack,2.4,-1,Trad,5.8,1,100,42.08229,-113.7218
"Naked Ape","Nameless Tower > City of Rocks > South Idaho > Idaho",https://www.mountainproject.com/route/108227799/naked-ape,2.6,-1,Sport,5.8,2,200,42.09858,-113.70916
Indiscretion,"Site 18 > City of Rocks > South Idaho > Idaho",https://www.mountainproject.com/route/105981055/indiscretion,2.3,-1,Trad,5.9,1,60,42.0927,-113.70359
"Book of Dissent","Morning Glory Spire > City of Rocks > South Idaho > Idaho",https://www.mountainproject.com/route/105853850/book-of-dissent,2.0,-1,Trad,5.10a,1,100,42.08282,-113.72147
"Vertical Turtle","No Start Wall > City of Rocks > South Idaho > Idaho",https://www.mountainproject.com/route/116357794/vertical-turtle,2.8,-1,Trad,"5.9+ R",1,150,42.08595,-113.71191
"Driving at Night","Odyssey > City of Rocks > South Idaho > Idaho",https://www.mountainproject.com/route/105886965/driving-at-night,2.1,-1,Sport,5.9,1,50,42.08032,-113.70666
"No Satisfaction","Rabbit Rock - Southwest > Rabbit Rock > City of Rocks > South Idaho > Idaho",https://www.mountainproject.com/route/107208383/no-satisfaction,2.6,-1,Trad,5.8,2,200,42.08358,-113.72075
"Featured Face","Bloody Fingers Corridor > Breadloaves > City of Rocks > South Idaho > Idaho",https://www.mountainproject.com/route/105962104/featured-face,2.1,-1,Trad,"5.7 R",1,70,42.08751,-113.7293
"Smucker's Jam","Creekside > City of Rocks > South Idaho > Idaho",https://www.mountainproject.com/route/112927189/smuckers-jam,2.5,-1,Trad,5.8,1,100,42.08058,-113.72115
"Indian Summer","Window Rock - East > Window Rock > City of Rocks > South Idaho > Idaho",https://www.mountainproject.com/route/110239856/indian-summer,2.5,-1,Trad,"5.8 R",1,85,42.08603,-113.72268
"She Bop","Anteater - West > Anteater Rock > City of Rocks > South Idaho > Idaho",https://www.mountainproject.com/route/105741059/she-bop,2.0,-1,Trad,5.9,1,120,42.08229,-113.7218
"Soap on a Rope","Bath Rock - East > Bath Rock > City of Rocks > South Idaho > Idaho",https://www.mountainproject.com/route/105980608/soap-on-a-rope,2.2,-1,Trad,"5.7 R",1,190,42.07583,-113.72191
"Lowe Route","Decadent Wall > Breadloaves > City of Rocks > South Idaho > Idaho",https://www.mountainproject.com/route/112962578/lowe-route,1.9,-1,Trad,5.6,1,100,42.08612,-113.72944
"Barf Crack","Nausea Wall > City of Rocks > South Idaho > Idaho",https://www.mountainproject.com/route/106806565/barf-crack,2.6,-1,Trad,5.9,1,,42.04138,-113.71662
Chimney,"Super Hits - Bloody Fingers > Breadloaves > City of Rocks > South Idaho > Idaho",https://www.mountainproject.com/route/105967535/chimney,1.9,-1,Trad,"5.6 PG13",1,105,42.08728,-113.72925
Modelo,"Great Wall > City of Rocks > South Idaho > Idaho",https://www.mountainproject.com/route/106765491/modelo,2.5,-1,Trad,5.8+,2,200,42.09522,-113.70837
"Suburban Sprawl","Parking Lot Rock - West > Parking Lot Rock > City of Rocks > South Idaho > Idaho",https://www.mountainproject.com/route/105956721/suburban-sprawl,2.3,-1,"Trad, Sport","5.10- R",1,140,42.08342,-113.72294
Felspfeiler,"Steinfell's Dome > City of Rocks > South Idaho > Idaho",https://www.mountainproject.com/route/108773817/felspfeiler,2.2,-1,Sport,5.8,1,110,42.09646,-113.68672
"North Face Right","Mushroom Rock > City of Rocks > South Idaho > Idaho",https://www.mountainproject.com/route/106754166/north-face-right,1.9,-1,Sport,5.9,1,60,42.08528,-113.7108
"Lookout Ridge","Lookout Rock > City of Rocks > South Idaho > Idaho",https://www.mountainproject.com/route/119010001/lookout-ridge,2.4,-1,Trad,"5.5 R",1,140,42.07576,-113.71046
"Ruby and the Dykes","Checkered Demon > City of Rocks > South Idaho > Idaho",https://www.mountainproject.com/route/106015694/ruby-and-the-dykes,2.3,-1,Trad,5.10a,1,60,42.06539,-113.70937
"Beyond and Back","Rabbit Rock - Northeast > Rabbit Rock > City of Rocks > South Idaho > Idaho",https://www.mountainproject.com/route/111915533/beyond-and-back,2.4,-1,Trad,5.8,1,100,42.08358,-113.72075
[Redacted],"Decadent Wall > Breadloaves > City of Rocks > South Idaho > Idaho",https://www.mountainproject.com/route/107536885/redacted,1.6,-1,Trad,5.4,1,100,42.08612,-113.72944
Beeline,"Creekside > City of Rocks > South Idaho > Idaho",https://www.mountainproject.com/route/115338096/beeline,2.1,-1,Trad,5.7,1,100,42.08058,-113.72115
"Inner Circle","Inner Circle > City of Rocks > South Idaho > Idaho",https://www.mountainproject.com/route/113379172/inner-circle,2.5,-1,Trad,"5.10a/b PG13",1,90,42.07565,-113.70354
"Original Left","Practice Rock > City of Rocks > South Idaho > Idaho",https://www.mountainproject.com/route/108194890/original-left,1.7,-1,Trad,5.7,1,40,42.07125,-113.70772
"Route 66","Upper Broadloaves - North > Breadloaves > City of Rocks > South Idaho > Idaho",https://www.mountainproject.com/route/106494034/route-66,1.9,-1,Trad,5.8,1,80,42.08838,-113.7291
"Hang Ten","Odyssey > City of Rocks > South Idaho > Idaho",https://www.mountainproject.com/route/105886978/hang-ten,2.1,-1,Sport,5.10b,1,60,42.08032,-113.70666
"Low Voltage Left","Geowatt > City of Rocks > South Idaho > Idaho",https://www.mountainproject.com/route/115432760/low-voltage-left,2.0,-1,Sport,5.7,1,70,42.09275,-113.69771
"Bad Crack","Upper Breadloaves - West > Breadloaves > City of Rocks > South Idaho > Idaho",https://www.mountainproject.com/route/108006668/bad-crack,2.3,-1,Trad,5.10a,1,85,42.08797,-113.72939
"Boxtop Crack","The Boxtop > City of Rocks > South Idaho > Idaho",https://www.mountainproject.com/route/112106728/boxtop-crack,2.4,-1,Trad,5.6,1,60,42.0809,-113.70743
"Groovy Toprope","King on the Throne - West > King on the Throne > City of Rocks > South Idaho > Idaho",https://www.mountainproject.com/route/113075416/groovy-toprope,2.4,-1,TR,5.10,1,50,42.08476,-113.72663
"Solo Mission","Parking Lot Rock - West > Parking Lot Rock > City of Rocks > South Idaho > Idaho",https://www.mountainproject.com/route/105741662/solo-mission,2.0,-1,Trad,5.7,1,180,42.08342,-113.72294
"Pig Arete","No Start Wall > City of Rocks > South Idaho > Idaho",https://www.mountainproject.com/route/111966323/pig-arete,2.3,-1,Trad,5.9,1,115,42.08595,-113.71191
"Lion of Judah","Lion's Head > City of Rocks > South Idaho > Idaho",https://www.mountainproject.com/route/107171569/lion-of-judah,2.3,-1,Sport,5.10b/c,1,110,42.0917,-113.6982
"Old School, New School","Steinfell's Dome > City of Rocks > South Idaho > Idaho",https://www.mountainproject.com/route/110102041/old-school-new-school,2.5,-1,Trad,"5.7+ PG13",2,280,42.09646,-113.68672
RKM,"Creekside > City of Rocks > South Idaho > Idaho",https://www.mountainproject.com/route/115454157/rkm,2.1,-1,Trad,5.6,1,100,42.08058,-113.72115
"Mr. Toad's Wild Ride","Toad Rock > City of Rocks > South Idaho > Idaho",https://www.mountainproject.com/route/115452012/mr-toads-wild-ride,2.5,-1,Trad,5.4,1,35,42.06953,-113.70961
Dragonfly,"The Mall > City of Rocks > South Idaho > Idaho",https://www.mountainproject.com/route/119298980/dragonfly,2.5,-1,Trad,5.10,1,50,42.08948,-113.72753
"Red Headed Steppe Child","Lower Decadent - Asian Wall > Breadloaves > City of Rocks > South Idaho > Idaho",https://www.mountainproject.com/route/119124504/red-headed-steppe-child,2.5,-1,Trad,5.7+,1,80,42.0867,-113.7292
"Garden Gnome","The Drilling Fields > Drilling Fields > City of Rocks > South Idaho > Idaho",https://www.mountainproject.com/route/107695735/garden-gnome,2.0,-1,Trad,5.8,1,90,42.08183,-113.71814
Breezeway,"Bloody Fingers Corridor > Breadloaves > City of Rocks > South Idaho > Idaho",https://www.mountainproject.com/route/105962097/breezeway,1.6,-1,Trad,5.6,1,60,42.08751,-113.7293
Groove,"Practice Rock > City of Rocks > South Idaho > Idaho",https://www.mountainproject.com/route/105741650/groove,1.7,-1,"Trad, TR",5.7,1,50,42.07125,-113.70772
"Touch of Gray","White Wall > City of Rocks > South Idaho > Idaho",https://www.mountainproject.com/route/105981091/touch-of-gray,1.8,-1,Sport,5.10a/b,1,60,42.09138,-113.70465
"Garden Gnome Direct","The Drilling Fields > Drilling Fields > City of Rocks > South Idaho > Idaho",https://www.mountainproject.com/route/117648067/garden-gnome-direct,2.3,-1,Trad,5.9,1,90,42.08183,-113.71814
"Crystalline Undulations","Bath Rock - South > Bath Rock > City of Rocks > South Idaho > Idaho",https://www.mountainproject.com/route/111970977/crystalline-undulations,2.3,-1,Sport,5.8,2,200,42.07486,-113.72163
"The Flake","The Wart > City of Rocks > South Idaho > Idaho",https://www.mountainproject.com/route/105862575/the-flake,2.1,-1,Trad,5.8,1,,42.07699,-113.72211
Outland,"Finger Rock > City of Rocks > South Idaho > Idaho",https://www.mountainproject.com/route/109562185/outland,2.3,-1,Trad,5.10a,1,60,42.10229,-113.74263
"Destroy all Planets","Window Rock - East > Window Rock > City of Rocks > South Idaho > Idaho",https://www.mountainproject.com/route/105807060/destroy-all-planets,1.7,-1,"Trad, Sport","5.10a R",1,200,42.08603,-113.72268
"Water Groove","King on the Throne - West > King on the Throne > City of Rocks > South Idaho > Idaho",https://www.mountainproject.com/route/113457466/water-groove,2.2,-1,Trad,5.10,1,60,42.08476,-113.72663
"Gravy on the Cake","The Boxtop > City of Rocks > South Idaho > Idaho",https://www.mountainproject.com/route/118732723/gravy-on-the-cake,2.3,-1,Sport,5.10a,1,35,42.0809,-113.70743
"Upper Cannibal Left","Cannibal Corridor > City of Rocks > South Idaho > Idaho",https://www.mountainproject.com/route/106432275/upper-cannibal-left,2.2,-1,"Trad, Sport","5.10a R",1,70,42.07757,-113.71282
"Moderate Route","Indian Chief Rock > City of Rocks > South Idaho > Idaho",https://www.mountainproject.com/route/107260996/moderate-route,1.6,-1,Trad,5.6,1,60,42.04135,-113.71739
Epic,"Bath Rock - East > Bath Rock > City of Rocks > South Idaho > Idaho",https://www.mountainproject.com/route/105741941/epic,1.8,-1,Trad,5.6,2,230,42.07583,-113.72191
"Never Leave Home Without It","Geowatt > City of Rocks > South Idaho > Idaho",https://www.mountainproject.com/route/115432802/never-leave-home-without-it,2.0,-1,Sport,5.9,1,35,42.09275,-113.69771
"Wide Crack","Indian Chief Rock > City of Rocks > South Idaho > Idaho",https://www.mountainproject.com/route/107704060/wide-crack,2.0,-1,Trad,5.8,1,70,42.04135,-113.71739
"Step Left","Practice Rock > City of Rocks > South Idaho > Idaho",https://www.mountainproject.com/route/105741656/step-left,1.6,-1,"Trad, TR",5.7,1,50,42.07125,-113.70772
"Steppes of Central Asia","Lower Decadent - Asian Wall > Breadloaves > City of Rocks > South Idaho > Idaho",https://www.mountainproject.com/route/107687588/steppes-of-central-asia,1.6,-1,Trad,5.8,1,85,42.0867,-113.7292
"Masochist Crack","Window Rock - East > Window Rock > City of Rocks > South Idaho > Idaho",https://www.mountainproject.com/route/105795478/masochist-crack,1.2,-1,Trad,5.8,1,140,42.08603,-113.72268
"The Black Hand","Upper Broadloaves - North > Breadloaves > City of Rocks > South Idaho > Idaho",https://www.mountainproject.com/route/118028134/the-black-hand,2.0,-1,Trad,5.9,1,40,42.08838,-113.7291
"Make It Hurt","Go West > City of Rocks > South Idaho > Idaho",https://www.mountainproject.com/route/107198088/make-it-hurt,2.0,-1,Trad,5.10a,1,75,42.0863,-113.7327
"Lion Cling","Lion's Head > City of Rocks > South Idaho > Idaho",https://www.mountainproject.com/route/107171639/lion-cling,1.9,-1,Sport,5.9+,1,50,42.0917,-113.6982
"Half Moon","Odyssey > City of Rocks > South Idaho > Idaho",https://www.mountainproject.com/route/105887088/half-moon,1.9,-1,Trad,5.10,1,60,42.08032,-113.70666
"Rock Lobster","Gallstone, The > City of Rocks > South Idaho > Idaho",https://www.mountainproject.com/route/105847439/rock-lobster,1.6,-1,Trad,"5.7 PG13",1,90,42.06578,-113.70841
"Enter the Fold","Creekside > City of Rocks > South Idaho > Idaho",https://www.mountainproject.com/route/115338156/enter-the-fold,2.0,-1,Trad,"5.6 R",1,120,42.08058,-113.72115
"Night Vision","Owl Rock - West > Owl Rock > City of Rocks > South Idaho > Idaho",https://www.mountainproject.com/route/108006757/night-vision,2.0,-1,Trad,"5.10a PG13",1,70,42.0856,-113.72833
"Right Side","The Wart > City of Rocks > South Idaho > Idaho",https://www.mountainproject.com/route/105862563/right-side,2.0,-1,Trad,"5.9 PG13",1,50,42.07699,-113.72211
Cowdog,"Bath Rock - East > Bath Rock > City of Rocks > South Idaho > Idaho",https://www.mountainproject.com/route/109496296/cowdog,1.7,-1,Trad,"5.4 R",1,200,42.07583,-113.72191
"Trip to Iraq","Lower Decadent - Asian Wall > Breadloaves > City of Rocks > South Idaho > Idaho",https://www.mountainproject.com/route/105741500/trip-to-iraq,2.0,-1,Trad,5.7,1,100,42.0867,-113.7292
Suprise,"Parking Lot Rock - West > Parking Lot Rock > City of Rocks > South Idaho > Idaho",https://www.mountainproject.com/route/112223371/suprise,1.4,-1,Trad,5.7+,1,60,42.08342,-113.72294
"Easy Movements","Suncup Slab > City of Rocks > South Idaho > Idaho",https://www.mountainproject.com/route/117097436/easy-movements,2.0,-1,Trad,5.5,2,,42.04329,-113.7191
"Wash Out","Elephant Rock - East > Elephant Rock > City of Rocks > South Idaho > Idaho",https://www.mountainproject.com/route/111941386/wash-out,2.0,-1,Trad,"5.10 PG13",1,115,42.06739,-113.70894
"The Egyptian (Face)","Upper Breadloaves - East > Breadloaves > City of Rocks > South Idaho > Idaho",https://www.mountainproject.com/route/111269667/the-egyptian-face,2.0,-1,Trad,"5.8 PG13",1,180,42.08784,-113.72878
"Upper Cannibal Middle","Cannibal Corridor > City of Rocks > South Idaho > Idaho",https://www.mountainproject.com/route/106432303/upper-cannibal-middle,2.0,-1,"Trad, Sport",5.10a,1,70,42.07757,-113.71282
"Little Problem","Practice Rock > City of Rocks > South Idaho > Idaho",https://www.mountainproject.com/route/105741659/little-problem,1.7,-1,TR,5.9,1,50,42.07125,-113.70772
"Toddlers and Toadstools","Toad Rock > City of Rocks > South Idaho > Idaho",https://www.mountainproject.com/route/115451976/toddlers-and-toadstools,2.0,-1,Trad,5.3,1,35,42.06953,-113.70961
"Pluton Playground","Decadent Wall > Breadloaves > City of Rocks > South Idaho > Idaho",https://www.mountainproject.com/route/107344094/pluton-playground,1.5,-1,Trad,5.5,1,175,42.08612,-113.72944
"Sportin' A Woody","Lower Decadent - Asian Wall > Breadloaves > City of Rocks > South Idaho > Idaho",https://www.mountainproject.com/route/111051894/sportin-a-woody,2.0,-1,Trad,5.10a,1,50,42.0867,-113.7292
"Yankee Clipper","Drilling Fields - Lost World > Drilling Fields > City of Rocks > South Idaho > Idaho",https://www.mountainproject.com/route/106765460/yankee-clipper,1.7,-1,Sport,5.10b,1,140,42.0823,-113.7177
Radachello,"Flaming Rock > City of Rocks > South Idaho > Idaho",https://www.mountainproject.com/route/113348528/radachello,2.0,-1,"Trad, TR",5.7,1,110,42.07673,-113.7137
Yahoo,"Great Wall > City of Rocks > South Idaho > Idaho",https://www.mountainproject.com/route/120740968/yahoo,2.0,-1,Trad,5.9,2,,42.09522,-113.70837
"Just for Funzies","Lower Decadent - Asian Wall > Breadloaves > City of Rocks > South Idaho > Idaho",https://www.mountainproject.com/route/119137967/just-for-funzies,2.0,-1,Trad,5.6,2,120,42.0867,-113.7292
"McKenzie's Crack","Decadent Wall > Breadloaves > City of Rocks > South Idaho > Idaho",https://www.mountainproject.com/route/108207594/mckenzies-crack,2.0,-1,Trad,5.7,1,20,42.08612,-113.72944
"Suncup Slab aka Outhouse Slab","Suncup Slab > City of Rocks > South Idaho > Idaho",https://www.mountainproject.com/route/118061168/suncup-slab-aka-outhouse-slab,2.0,-1,Trad,"5.8 PG13",2,143,42.04329,-113.7191
"Brass Monkey","Bumblie Rock > City of Rocks > South Idaho > Idaho",https://www.mountainproject.com/route/114499163/brass-monkey,2.0,-1,Trad,"5.10a PG13",1,150,42.07848,-113.7135
"Wide 8","Rabbit Rock - Northeast > Rabbit Rock > City of Rocks > South Idaho > Idaho",https://www.mountainproject.com/route/114530974/wide-8,2.0,-1,Trad,5.8,1,110,42.08358,-113.72075
"Passion for a Thrashin'","Lower Decadent - Asian Wall > Breadloaves > City of Rocks > South Idaho > Idaho",https://www.mountainproject.com/route/119124303/passion-for-a-thrashin,2.0,-1,Trad,"5.5 R",1,80,42.0867,-113.7292
"Salty Dog","Finger Rock > City of Rocks > South Idaho > Idaho",https://www.mountainproject.com/route/113457481/salty-dog,2.0,-1,Trad,5.10a/b,1,85,42.10229,-113.74263
"Unknown Chimney","Finger Rock > City of Rocks > South Idaho > Idaho",https://www.mountainproject.com/route/113457497/unknown-chimney,2.0,-1,Trad,"5.9- R",1,80,42.10229,-113.74263
"Checkerboard Wall","Shangri La > City of Rocks > South Idaho > Idaho",https://www.mountainproject.com/route/111991191/checkerboard-wall,2.0,-1,Trad,5.10,1,120,42.0961,-113.7193
"Rat Crack","Shangri La > City of Rocks > South Idaho > Idaho",https://www.mountainproject.com/route/111991261/rat-crack,2.0,-1,Trad,5.10a,1,80,42.0961,-113.7193
"Peppermint Patty","Nameless Tower > City of Rocks > South Idaho > Idaho",https://www.mountainproject.com/route/108227186/peppermint-patty,1.8,-1,Sport,5.9,2,200,42.09858,-113.70916
"Easiest Route","Morning Glory Spire > City of Rocks > South Idaho > Idaho",https://www.mountainproject.com/route/108216040/easiest-route,1.4,-1,Trad,5.5,1,100,42.08282,-113.72147
"Full Fledged","Owl Rock - West > Owl Rock > City of Rocks > South Idaho > Idaho",https://www.mountainproject.com/route/114538877/full-fledged,1.6,-1,Trad,5.8,1,60,42.0856,-113.72833
"Biliary Tree","Gallstone, The > City of Rocks > South Idaho > Idaho",https://www.mountainproject.com/route/110262602/biliary-tree,1.3,-1,Trad,5.8,1,90,42.06578,-113.70841
Moderate,"Indian Chief Rock > City of Rocks > South Idaho > Idaho",https://www.mountainproject.com/route/111754315/moderate,1.6,-1,Trad,5.8,1,60,42.04135,-113.71739
Columbine,"Animal Cracker Rock > City of Rocks > South Idaho > Idaho",https://www.mountainproject.com/route/111941530/columbine,1.7,-1,Trad,"5.9 PG13",1,170,42.08716,-113.72271
Loafers,"Decadent Wall > Breadloaves > City of Rocks > South Idaho > Idaho",https://www.mountainproject.com/route/110651596/loafers,1.5,-1,"Trad, TR",5.4,1,,42.08612,-113.72944
"Touchy Feely","Practice Rock > City of Rocks > South Idaho > Idaho",https://www.mountainproject.com/route/105741653/touchy-feely,1.5,-1,TR,5.9+,1,50,42.07125,-113.70772
"track marks","Anteater - West > Anteater Rock > City of Rocks > South Idaho > Idaho",https://www.mountainproject.com/route/111169753/track-marks,1.5,-1,Trad,5.9+,1,50,42.08229,-113.7218
"Move with a View","The Wart > City of Rocks > South Idaho > Idaho",https://www.mountainproject.com/route/105862568/move-with-a-view,1.5,-1,TR,5.10a,1,50,42.07699,-113.72211
"West Chimney","Lookout Rock > City of Rocks > South Idaho > Idaho",https://www.mountainproject.com/route/119010038/west-chimney,1.5,-1,Trad,"5.6 PG13",1,80,42.07576,-113.71046
Tenshun,"Creekside > City of Rocks > South Idaho > Idaho",https://www.mountainproject.com/route/106005279/tenshun,1.5,-1,Trad,5.7,1,80,42.08058,-113.72115
Dogleg,"Electric Avenue > City of Rocks > South Idaho > Idaho",https://www.mountainproject.com/route/108118957/dogleg,1.5,-1,Trad,5.9+,1,60,42.06787,-113.70513
"Deep Dream","Window Rock - East > Window Rock > City of Rocks > South Idaho > Idaho",https://www.mountainproject.com/route/116119794/deep-dream,1.3,-1,"Trad, TR","5.9 PG13",1,120,42.08603,-113.72268
"Summit Route","Buzzard Perch > City of Rocks > South Idaho > Idaho",https://www.mountainproject.com/route/108207804/summit-route,1.3,-1,Trad,5.5,1,40,42.08525,-113.72139
"Corner Kick","Creekside > City of Rocks > South Idaho > Idaho",https://www.mountainproject.com/route/109496170/corner-kick,1.0,-1,Trad,5.6,1,120,42.08058,-113.72115
"Dying for Exposure","Lost Arrow Spire > City of Rocks > South Idaho > Idaho",https://www.mountainproject.com/route/119306351/dying-for-exposure,1.0,-1,Trad,"5.8 X",1,150,42.08568,-113.71267
"Family Affair","Owl Rock - West > Owl Rock > City of Rocks > South Idaho > Idaho",https://www.mountainproject.com/route/121257634/family-affair,1.0,-1,TR,5.7,1,35,42.0856,-113.72833
"Rock Pedophile","The Clamshell > City of Rocks > South Idaho > Idaho",https://www.mountainproject.com/route/108316390/rock-pedophile,1.0,-1,Trad,"5.5 R",2,150,42.0864,-113.71963
"Jug City","Bucketland > City of Rocks > South Idaho > Idaho",https://www.mountainproject.com/route/112045231/jug-city,1.0,-1,Trad,"5.10 R",1,80,42.08623,-113.70079
NBD,"BFD Rock > City of Rocks > South Idaho > Idaho",https://www.mountainproject.com/route/107371231/nbd,1.0,-1,Trad,5.6,1,90,42.0422,-113.7178
WTF,"BFD Rock > City of Rocks > South Idaho > Idaho",https://www.mountainproject.com/route/107371257/wtf,1.0,-1,Trad,5.8,1,90,42.0422,-113.7178
"Excrement Adventure","White Wall > City of Rocks > South Idaho > Idaho",https://www.mountainproject.com/route/106051846/excrement-adventure,1.0,-1,Trad,5.9,1,60,42.09138,-113.70465
Greenwall,"Elephant Rock - North > Elephant Rock > City of Rocks > South Idaho > Idaho",https://www.mountainproject.com/route/118066599/greenwall,1.0,-1,Trad,5.7+,1,140,42.06716,-113.7094
"Fingers and Toads","Toad Rock > City of Rocks > South Idaho > Idaho",https://www.mountainproject.com/route/115451945/fingers-and-toads,1.0,-1,Trad,5.0,1,35,42.06953,-113.70961
Piata,"Fiesta Spire > City of Rocks > South Idaho > Idaho",https://www.mountainproject.com/route/119159419/pinata,1.0,-1,Trad,5.10a,1,75,42.10369,-113.71709
"Northeast Shoulder","North Twin Sister > Twin Sisters > City of Rocks > South Idaho > Idaho",https://www.mountainproject.com/route/118061223/northeast-shoulder,1.0,-1,Trad,5.7,2,260,42.04346,-113.72077
"Nickle Crack","The Boxtop > City of Rocks > South Idaho > Idaho",https://www.mountainproject.com/route/118732644/nickle-crack,1.0,-1,Trad,5.10a,1,75,42.0809,-113.70743
"Kung Fu","Cannibal Corridor > City of Rocks > South Idaho > Idaho",https://www.mountainproject.com/route/118728608/kung-fu,1.0,-1,Trad,5.8+,1,60,42.07757,-113.71282
"Cougar Face","Parking Lot Rock - East > Parking Lot Rock > City of Rocks > South Idaho > Idaho",https://www.mountainproject.com/route/118066722/cougar-face,1.0,-1,Trad,"5.8 R",2,170,42.08342,-113.72222
"East Crack","Upper Breadloaves - East > Breadloaves > City of Rocks > South Idaho > Idaho",https://www.mountainproject.com/route/114496178/east-crack,1.0,-1,Trad,"5.7 R",1,200,42.08784,-113.72878
Nogales,"Lower Breadloaves - Provo Wall > Breadloaves > City of Rocks > South Idaho > Idaho",https://www.mountainproject.com/route/111988903/nogales,1.0,-1,Trad,5.9,1,110,42.08624,-113.72903
"Just a Pretty Day","Transformer Corridor > City of Rocks > South Idaho > Idaho",https://www.mountainproject.com/route/107576828/just-a-pretty-day,1.0,-1,Trad,5.10a,1,60,42.078,-113.71315
"Birthday Boy","Building Blocks - West > Building Blocks > City of Rocks > South Idaho > Idaho",https://www.mountainproject.com/route/107332993/birthday-boy,1.0,-1,Trad,5.10a,1,110,42.08494,-113.69766
Sacrifice,"Lady Jessica's Rock > City of Rocks > South Idaho > Idaho",https://www.mountainproject.com/route/105740969/sacrifice,1.0,-1,Trad,"5.7 X",1,100,42.0841,-113.71386
"Summit Block","The Boxtop > City of Rocks > South Idaho > Idaho",https://www.mountainproject.com/route/118732795/summit-block,0.0,-1,Trad,"5.9 R",1,35,42.0809,-113.70743